name,latitude,longitude,color
!Xoon [nmn],-24,21.5,#A19A73
/Xam [xam],-30.34,21.82,#A68D69
||Ani [hnh],-19.3,22.5,#5F7B87
||Gana [gnk],-19,22.5,#5E7171
Aari [aiw],6,36.6,#318F90
Abipon [axb],-26,-61,#A84450
Abkhaz [abk],43,41.03,#644590
Abma [app],-15.75,168.083,#A67284
Abui [abz],-8.417,124.6,#B25ED1
Abun [kgr],-0.833,132,#D9CFB0
Acehnese [ace],5.333,96.167,#E39773
Achumawi [acv],41.5,-121,#665173
Adyghe [ady],44.1,39.08,#2447A9
Adynyamathanha [adt],-31,139.5,#42847E
Adzera [azr],-6.417,146.25,#C682AA
Agarabi [agd],-6.25,145.917,#0A50A8
Aghem [agq],6.39,10.12,#C37867
Agta [agt],17.967,121.833,#C28640
Aguaruna [agr],-5.25,-78,#3F4994
Agutaynen [agn],11.15,120.95,#AF5E56
Ai-cham_Diwo [aih],25.8,107,#F7EF9C
Ainu [ain],43.5,142,#905B8E
Aka [hru],27.2,92.9,#3C7CA8
Akan [aka],6.5,-1.25,#C361C2
Akha [ahk],20.3,99.6,#92D0BA
Akkadian [akk],33.1,44,#4D5834
Alabama [akz],32.7,-86.1,#5023B4
Alamblak [amp],-4.667,143.25,#68617B
Albanian Tosk [als],40.5,20,#757A2A
Aleut [ale],54,-166,#194F86
Alune [alp],-3.167,128.333,#D450B9
Alyawarr [aly],-24.6,134.5,#519495
Amarasi [aaz],-10.08,124.33,#D2658B
Ambae_West [omb],-15.5,167.75,#BD6183
Ambai [amk],-1.917,136.733,#D774AC
Ambonese Malay [abs],-3.7,128.2,#D8BD78
Amdo [adx],36,94,#4ABEC7
Amele [aey],-5.25,145.75,#90729F
Amharic [amh],10,38,#415C42
Amis [ami],23.333,121.333,#B77F2A
Amoy [nan],24.5,118,#B3E379
Anejom [aty],-20.25,169.833,#CD5C81
Anem [anz],-5.667,149,#C972A7
Angas [anc],9.75,8.75,#E2919B
Anguthimri [xxx-3],-12.333,141.833,#3CAC7F
Anindilyagwa [aoi],-14,136.5,#7A3768
Anong [nun],27.2,98.8,#70A9A0
Ao [njo],27,95,#5BB3C6
Apalai [apy],0,-54,#782CA7
Apatani [apt],27.4,93.8,#44BD87
Apurinã [apu],-9,-67,#945471
Arabana [ard],-28,137,#39B069
Arabic [arb],30,42,#854617
Arabic_Abha [acw-4],18.22,42.51,#963C23
Arabic_Afghanistan [acm-3],36.7,67.12,#665D42
Arabic_Basra [acm],30.5,47.825,#7E6654
Arabic_Bukhara [abh],39.77,64.43,#507041
Arabic_Egyptian [arz],30,30,#B14942
Arabic_Gulf [afb],24,54,#A15538
Arabic_Harb [acw-5],25.81,42.87,#98521E
Arabic_Khuzestan [acm-2],31.33,48.69,#9B461C
Arabic_Moroccan [ary],34,-7,#A64429
Arabic_Sudanese [apd],15.5,32.56,#A24043
Arabic_Syrian [apc],33,37,#9C481D
Arabic_Tunisian [aeb],36,10,#813F35
Arandai [jbj],-2.17,133,#4B50B2
Araona  [aro],-12.333,-67.75,#4F5898
Archi [aqc],42.07,46.86,#18569E
Arguni [agf],-2.667,132.5,#C59FBF
Arizona Tewa [tew],35.8,-110.4,#644CC7
Armenian [hye],40,45,#3B8735
Arop-Lokep [apr],-5.333,147.083,#CF6EA7
Arrernte_Central [are],-22.85,133.7,#4294AA
Arrernte_Mparntwe [aer],-24,136,#599894
Asheninka_Apurucayali [cpc],-10.018,-74.793,#773B83
Asmat [asc],-5.167,138.5,#6F56AD
Assamese [asm],26.5,93,#2BA162
Ata [ata],-5.667,151,#C33C93
Atayal [tay],24.5,121,#CC8A64
Athpare [aph],26.75,87.33,#314F8E
Atong [aot],25.5,90.5,#45AD91
Atsugewi [atw],40.75,-121,#5C5661
Awa [awb],-6.75,145.667,#15617F
Awa Pit [kwi],0.75,-78.5,#2C7F68
Awar [aya],-4,144.625,#59B1B6
Awtuw [kmn],-3.5,141.917,#43B8A5
Aymara [ayr],-16,-69.5,#506F65
Azerbaijani [azj],40.5,48.5,#11A772
Azeri [azb],40.67,47.75,#159F6C
Baagandji [drl],-32,142.533,#387448
Babungo [bav],6.12,10.42,#CCAF6B
Badimaya [bia],-27.667,120,#33B969
Bafut [bfd],6.083,10.0999,#AB6C6E
Bagirmi [bmi],10.2,17,#C87695
Bagri [bgq],29.6,74.3,#2C9C36
Bahing [bhj],27.27,86.56,#28579F
Bahnar [bdq],14,108.5,#E5D783
Bai [bca],26,100,#92BB90
Bajau_Semporna [ssb],4.5,118.5,#EF8567
Balangao [blw],17.167,120.333,#CC7B4B
Balanta [ble],12,-15,#C23588
Balantak [blz],-0.82,123.431,#D0756A
Balinese [ban],-8.583,115.25,#EBAB6B
Balochi [bgp-2],27,63.5,#41B068
Balti [bft],35.2,76,#2FB0AA
Bambara [bam],12.5,-7.5,#7E8688
Banda [bnd],-5.25,133.17,#D284B5
Bandjalang [bdy],-28.75,153,#37B15D
Bandjalang-Gidabal [bdy-3],-28.25,152,#45A55F
Banggai [bgz],-1.42,123.17,#C36260
Banggime [dbb],14.78,-3.76,#91A8AB
Banjar [bjn],-2.5,115.5,#E2A858
Bankariya [cdm-2],27.5,85,#238498
Bantawa [bap],27.2,87.1,#2350A7
Baoan [peh],35.5,102,#3EAD87
Barai [bbb],-9.417,148,#5D728D
Baram [brd],27.95,85,#3AB698
Barang-barang [lji],-6.4,120.5,#DC636F
Barasano [bsn],-0.25,-70.75,#40677A
Bardi [bcj],-16.58,122.92,#6D6385
Bari [bfa],3.8,31,#D29871
Barupu [wra],-3.083,142.083,#AD50A2
Bashkir [bak],53,58,#18A772
Basque [eus],43.2,-3,#4C7368
Batuley [bay],-5.8,134.75,#D56991
Bawm [bgr],22.5,92.25,#7A95B4
Begak [dbj-2],5.25,118.833,#CA8A72
Beja [bej],18,36,#346460
Belarussian [bel],54,27,#4B980D
Belhare [byw],27,87.25,#2247B2
Bemba [bem],-11,31,#B35474
Bembe [bmb],-4,14,#C95078
Bende [bdp],-6,30.5,#C6467E
Bengali [ben],22.5,90,#30A84D
Berik [bkl],-2.25,138.92,#4F7CA2
Betta_Kurumba [xub],11.58,76.55,#0E7892
Bhojpuri [bho],26.8,85.3,#2B9839
Biak [bhw],-1,136,#D072AD
Bih [rad-2],12.48,108.025,#E6CC86
Bijago [bjg],11.28,-15.83,#AE3B85
Bikol [bcl],13.333,123.5,#CB7F70
Biloxi [bll],32.25,-90,#6137EC
Bilua [blb],-7.75,156.667,#984B5F
Binandere [bhg],-8.167,147.917,#50AAAF
Bininj Gun-Wok [gup],-12.5,133.75,#922771
Biri [bzr],-20.5,146.5,#3DA861
Blackfoot [bla],50,-112.67,#861494
Blang [blr],23.3,100,#E4C29A
Bobongko [bgb],-0.5,121.75,#DB847D
Bokar [adi-2],29,94.35,#56C89F
Bontok [bnc],17.083,120.917,#C77E3D
Bouyei_west [pcc-2],25.75,107.333,#E7D39A
Brag-g.yab [khg-2],30.65,97.55,#2EB596
Brahui [brh],29,67,#3B8469
Brao [brb],14,107,#F7F692
Breton [bre],48,-3.5,#93580F
Bribri [bzd],9.5,-83,#8EABA9
Brokpa [sgt],27.33,92,#339AB5
Bugan [bbh],23.75,105,#D8B696
Bugis [bug],-4,120,#DD7E57
Bugun [bgn],27.3,92.35,#40B19D
Buin [buo],-6.75,155.833,#483E8B
Bukiyip_Arapesh [ape],-3.667,142.5,#B56382
Bularnu [yil],-21.5,137.5,#3ABF5E
Bulgarian [bul],43,25,#6B8F13
Bumbita_Arapesh [aon],-3.667,142.833,#C15D9F
Bumthang [kjz],27.8,90.8,#3FBBB2
Bumthang_Ura [kjz-2],27.48,90.905,#3BACBB
Bunan [bfu],32.61,76.91,#35888D
Bunaq [bfn],-9.1,125.15,#B96ED3
Bunun [bnn],23.5,121,#DD7868
Burarra [bvr],-12.25,134.667,#7B4495
Burmese [mya],20,96,#64B5AC
Burmese_Myeik [mya-2],12.43,98.6,#60CC89
Buru [mhs],-3.5,126.5,#D5B5AD
Burushaski [bsk],36.5,74.5,#254F64
Buryat [bxm],52,108,#0F8460
Buyang [yha],24,104.8,#E1CE9D
Buyuan Jino [jiy],22.05,101,#7DDBB8
Byansi [bee],30.17,80.5,#329A79
Caddo [cad],33.33,-93.5,#5B24B8
Cahuilla [chl],33.75,-117.75,#454271
Cakchiquel [ckf],14.5,-91,#9F4D39
Camling [rab],27.3,86.8,#2F4DAF
Campa [cni],-12,-74,#83596F
Canela-Krahô [ram],-6.5,-45,#A17DA6
Cantonese [yue],22.333,114,#A8D181
Capanahua [kaq],-7,-74,#2C7086
Car [caq],9.167,92.75,#AEAD3C
Carib [car],7.85,-59,#613C87
Catalan [cat],41.4,2.3,#7D9619
Cayuvava [cyb],-12.5,-67,#CC395E
Cebuano [ceb],10,124,#BD7D4A
Chadong [cdy],25.2,110.2,#C7DF9B
Cham_Eastern [cjm],11.333,108.5,#E8DFAA
Cham_Western [cja],12,105.5,#F1E5A9
Chamorro [cha],13.583,145,#C96C40
Chantyal [chx],28.75,83.5,#28C191
Chechen [che],43.13,45.54,#208376
Chemehuevi [ute-3],34.33,-115.17,#3F7363
Chepang [cdm],28.05,83.92,#2F8F98
Cherokee [chr],35.5,-83.5,#793D8E
Chickasaw [cic],34,-88,#7241D4
Chimariko [cid],41,-123,#513BA9
Chin_Daai [dao],21.1,93.65,#6E92A7
Chin_Falam [cfm],22.9,93.67,#557392
Chin_Tiddim [ctd],23.333,93.667,#8CA6CE
Chinook [chh],46,-124,#9E3650
ChiNyanja [nya],-15,35,#D84B77
Chiricahua [apm],33.5,-108,#8523B2
Chitimacha [ctm],29.67,-91,#5659B7
Chittagong [ben-2],22.37,91.8,#29C349
Chöcangacakha [cgk],27.5,90.88,#3DB6B1
Choctaw [cho],32.25,-88.5,#6A49C2
Cholon [cht],-8,-77.5,#5F439C
Chontal [chd],18.17,-92.58,#996224
Chrau [crw],10.667,107.5,#E3D283
Chukchi [ckt],67,-173,#4F7E69
Chumash [boi],34.67,-120.25,#9F3F7B
Chuvash [chv],55.5,47.5,#0D9074
CiLuba [lua],-6,22,#D43879
Classical Malay [xxx-96],2.2,102.5,#DD9647
Coahuilteco [xxx-6],28,-100,#6133B8
Cocopa [coc],32.5,-115,#4E29C2
Coeur d'Alene [crd],47.33,-117,#9B3C72
Cogtse Gyarong [jya],32.1,100.9,#54619F
Comanche [com],33.5,-101.5,#486D61
Comox [coo],49.75,-125,#8B3349
Coos [csz],43.5,-124.17,#72464C
Cora [crn],23.333,-99,#6C354E
Cornish [cor],50.5,-4.5,#A0813E
Cree_Plains [crk],54,-116,#9A3371
Cree_Woods [cwd],58,-102,#873372
Creek [mus],30.41,-85.2,#4F27BD
Crow [cro],45.5,-108,#7723D0
Cua [cua],15.167,108.667,#EAFA85
Cubeo [cub],1.33,-70.5,#295670
Cupeño [cup],33.17,-116.5,#254878
Czech [ces],50,14.5,#488D3A
Dadua [gal-2],-8.135,125.638,#D1748C
Daga [dgz],-10,149.25,#80699D
Dagaare [dga],11.5,-2.5,#BDB091
Dagur [dta],48,124,#40A462
Dakpa [dka],27.75,91.5,#37B8AF
Damal [uhn],-4,137.5,#3E5DC6
Damar_West [drn],-7,128.5,#BB5D8E
Dameli [dml],35.375,71.693,#288958
Damin [xxx-7],-16.4,139.35,#5EA26B
Dani [dni],-4,138.917,#504CC9
Danish [dan],56,10,#75B42B
Darai [dry],27.85,84.1,#2D905C
Darma [drd],29.84,80.517,#449092
Dekwana [mch],4.5,-63.5,#632DA2
Denaina [tfn],62,-150,#8C2CD0
Denjongkha [sip],27.5,88.5,#72E3A4
Dhao [nfa],-10.83,122.75,#D6767F
Dharawal [tbh],-34.5,150.5,#4CDB8A
Dharuk [xxx-8],-33.1,151.75,#2F7886
Dharumbal [bjy],-22.75,150,#49AF6F
Dhimal [dhi],26.6,86.75,#309784
Didinga [did],4.33,33.6,#8F3553
Diegueño [dih],32.67,-116.17,#583BB4
Digaru Mishmi [mhu],28.2,96.2,#2E969A
Dimasa [dis],25.33,93,#4E9CBE
Dime [dim],6.25,36.33,#428B7A
Dimili [diq],38,40,#378C56
Dingri [bod-4],28.567,86.633,#44AAA8
Diola [dyo],13,-16,#DF3D78
Diyari [dif],-28,139,#568674
Djabugay [dyy],-16.65,145.5,#2AC66F
Djambarrpuyngu [djr],-12,135.5,#49B26E
Djapu [duj],-12.667,136,#61A864
Djaru [ddj],-18.75,128,#46A773
Djinang [dji],-12.5,134.833,#3BBA6C
Djingili [jig],-17.25,133.833,#636B6E
Dobel [kvo],-6.083,134.5,#BF5194
Dogon [dbu],14.5,-2.5,#5262A7
Dohoi [otd],-0.5,113,#DB7467
Dolpo [dre],29,83,#45B0CD
Dom [doa],-6,144.917,#6B7AB8
Dong [doc],26,109,#DFCE88
Dongwang [khg],28.25,99.55,#3FC2B3
Doutai [tds],-3.25,138.25,#6ACBA4
Doyayo [dow],8.67,13.08,#B9508B
Drehu [dhv],-21,167.083,#E9B056
Drokpa [bod-5],29.05,84.5,#38B6AF
Dulong [duu],28,98.333,#5394AA
Dumaki [dmk],36.167,74,#1FAF4A
Dumi [dus],27.25,86.67,#385EA4
Dumo [vam],-2.667,141.25,#B986C4
Dura [drq],28.5,84.25,#35BD76
Dutch [nld],52,7,#6F931C
Dyirbal [dbl],-17.583,145.5,#63AD73
Dzongkha [dzo],27.5,89.5,#3396A3
Edolo [etr],-6.083,142.667,#3F82C6
Ejagham [etu],5.6,9,#AA6B90
Ekagi [ekg],-3.917,136.25,#6757B7
Elopi [dbf],-3.083,137.333,#9CD3C2
Embaloh [emb],1.1628,112.37,#EE6671
Embera_Baudo [bdc],5.2,-76.8,#619798
Enggano [eno],-5.333,102.25,#DD7C53
English [eng],52,0,#80981D
Erzgebirgisch [nds-3],50.58,13,#6B7E34
Estonian [est],59,25,#5A9E23
Eton [eto],4,11.5,#C7447B
Even [eve],68,130,#347080
Evenki [evn],56,125,#2A7969
Ewe [ewe],6,1,#CF7689
Eyak [eya],60.5,-145,#5F35A9
Fang [fan],0.5,11,#D1397F
Faroese [fao],61.5,-7,#62B209
Farsi [pes],32,54,#70734F
Fasu [faa],-6.417,143.167,#2F80D0
Fijian [fij],-18,178.333,#CE7F62
Finnish [fin],62,25,#589725
Fordata [frd],-7.17,131.5,#D55CA7
Fore [for],-6.75,145.5,#334D9C
French [fra],48,3,#859620
Frisian [frs],53.2,5.76,#72A42A
Fula [fuh],11.5,-12.5,#B23A71
Fulniô [fun],-8.2,-37.3,#4F45D6
Fur [fvr],13,25,#61A290
Futuna_West [fut-2],-19.667,170.667,#D6BD70
Fuyuge [fuy],-8.667,147.333,#6AA2B9
Fuzhou [cdo],26.5,119,#9DDF7B
Ga'anda [gqa],10.33,12.58,#B05276
Gaagudju [gbu],-12.583,132.833,#A04484
Gaahmg [tbi-2],11.767,34.35,#B57486
Gabigabi [xxx-11],-25.5,153,#50CF90
Gadsup [gaj],-6.333,146,#1E6289
Gahuku [gah],-6.083,145.4,#1441A4
Galela [gbi],2,128.417,#D74AC4
Galo [adi],28,94.75,#5087B0
Galolen [gal],-8.58,126,#C3859C
Gamilaraay [kld-2],-31,149.5,#3AB557
Garawa [gbc],-17.25,137.667,#6B9D4E
Garo [grt],26,90,#539DAC
Gathang [kda],-32,152.5,#41BD82
Gayo [gay],4.55,96.95,#E28269
Gbaya-Kara [gya],6,15,#D788A7
Gbaya-Mbodomo [mdo],4.5,15,#BD8282
Gbeya_Bossangoa [gbp],6.67,17.5,#B87170
Gelao [gio],22.92,105.5,#DBD6A6
Georgian [kat],41.72,44.78,#448151
German [deu],50,10,#649C1A
German_Swiss [gsw],46.975,8.405,#69A028
Ghale [ghe],28.25,84.9,#27B599
Gikuyu [kik],-0.75,36.75,#CE4C71
Gitksan [git],55.33,-127.75,#98606A
Gojri [gju],33,76,#2C9356
Golden Palaung [pll],22.97,97.17,#E2CC80
Golin [gvf],-6.25,144.833,#616EC6
Gondi [gno],19,84.6,#0CBB66
Gooniyandi [gni],-18.5,126.6,#8D687C
Gorontalo [gor],0.5,122,#D28364
Gorum [pcj],18.5,82.833,#3A5B85
Grebo [gry],5.3,-8,#9B836C
Greek [ell],38,23,#667E05
Green_Hmong [hnj],28,105,#DFDA75
Greenlandic [kal],61,-48,#3B418F
Gtaq [gaq],18.633,83.5,#486B94
Gtob [gbj],18.583,82.867,#49708D
Guajajara [gub],-5,-45,#A536B5
Guajira [guc],12,-72,#B44069
Guarani [gug],-23,-56,#A55E8C
Gubeeher [bcb],12.5,-16.5,#BE2E87
Gujarati [guj],23,72,#2DA62A
Gumbaynggir [kgs],-30.4,152.5,#489592
Gününa Yajich [xxx-41],-38,-62.5,#6D6589
Gureng Gureng [gnr],-25.25,151,#44BB76
Gurr-goni [gge],-12.25,134.417,#765E92
Gurung [gvr],28.333,84.333,#42B7A6
Guugu Yimidhirr [kky],-15,144.833,#3CB977
Haa Zongkha [dzo-2],27.135,89.12,#2DBDB7
Haida [hdn],53,-132,#788483
Hajong [haj],26.2,90.5,#30CB94
Hakha_Lai [cnh],22.667,93.667,#809AB8
Hakka [hak],24.25,116.5,#ACD072
Halkomelem [hur],49.5,-122.5,#8C2C4E
Hanga_Hundi [wos],-3.833,142.833,#309087
Hangzhou [wuu-2],30.25,120.167,#A7CB70
Harsusi [hss],19.7,55.85,#7A5E32
Hatam [had],-1,134,#C782CD
Hausa [hau],12,7,#BE6F5A
Hawaiian [haw],21,-157,#B8BE5A
Hayu [vay],27.25,86,#458C9D
Hebrew [heb],31.75,35.17,#9D7210
Helong [heg],-10.25,123.67,#C88091
Herero [her],-21,20,#B64E69
Hidatsa [hid],48,-110,#630CCA
Hiligaynon [hil],10.25,123,#C08550
Hill_Madia [mrr],18.9,81.35,#1D896A
Hindi [hin],27,80,#38A22C
Hiw [hiw],-13.25,166.5,#D56FA0
Hixkaryana [hix],1.5,-60,#833C7D
Hkongso [mro],21.5,93,#91CB99
Hlai [lic],19.05,109.9,#D9E298
Hlersu [hle],24.05,101.975,#74E2B1
Hmar [hmr],25,92.2,#52A79E
Ho [hoc],22,86,#516586
Hobyot [hoh],16.21,52.2,#7A5442
Holoholo [hoo],-5.5,28.25,#D14F6D
Hopi [hop],36,-110,#2E5487
Hresuk [adb],-8.22,125.61,#DEA4A3
Hua [ygr],-6.333,145.3,#1A559B
Huastec [hsf],22.08,-99.33,#AA5D37
Huichol [hch],22,-104,#2E4B93
Hungarian [hun],47,19,#5E9437
Hunzib [huz],42.16,46.23,#208A6B
Hup [jup],0.167,-69.25,#418A97
Hupa [hup],41.08,-123.67,#763E98
I’saka [ksi],-2.9,141.4,#A24FB6
Iaai [iai],-20.417,166.417,#F9784B
Iatmul [ian],-4.25,143.25,#1D6A90
Iau [tmu],-3.167,138,#91C3B4
Iban [iba],2,112,#EFC570
Icelandic [isl],65,-19,#61A40F
Idu Mishmi [clk],29,96,#5598BC
Ifugao_Batad [ifb],16.833,121.083,#BD7F35
Igbo [ibo],6,7.33,#B17E8F
Iha [ihp],-2.8,132.35,#6350C5
Ik [ikx],3.75,34.17,#7D7D51
Ika [arh],10.75,-73.5,#5366AD
Ilokano [ilo],16,121,#BD7E39
Imonda [imn],-3.25,141.167,#6A8192
Inanwatan [szp],-2.17,132,#6D3DBF
Indonesian [ind],-2.5,104.75,#E49461
Ingush [inh],42.97,44.77,#22967B
Iñupiaq [esi],68.13,-151.72,#24418E
Irabu_Ryukyu [mvi-3],24.833,125.183,#31AE9D
Iraqw [irk],-3.5,35,#8B7873
Irarutu [irh],-3,133.5,#E160B4
Irish [gle],53,-7,#986E20
Irula [iru],11,77,#129279
Italian [ita],43,14,#8E941D
Itelmen [itl],57,157.5,#304A5B
Ivatan_Southern [ivv],20.33,121.83,#BB8259
Izi [izi],6.332,8.104,#F2FF9E
Jacaltec [jac],15.75,-91.75,#B5405C
Jahai [jhi],5.9,101.5,#D08B6B
Jambi Malay [jax],-1.75,103,#F69066
Jaminjung [djd],-15.083,130.5,#354874
Jamul Tiipay [dih-2],32.17,-116.5,#744DB1
Japanese [jpn],37,140,#4AA280
Jaqaru [jqr],-12.85,-76,#265A67
Javanese [jav],-7.5,110.667,#F49864
Jebero [jeb],-5.2,-76.4,#653570
Jero [jee],27.2,86.25,#2E69B1
Jiaomuzu [qxs-2],32,102.03,#5D75A2
Jibbali [shv],17.2,54.9,#815C1C
Jingpho [kac],28,98,#9CEAB5
Jirel [jul],27.65,86.23,#188A95
Jivaro [jiv],-3,-78.25,#288965
Jomang [tlo],10.58,30.5,#C26B96
Jru [lbo],15.333,106.333,#F4C0A5
Ju|'hoan [ktz],-19,21,#DCAC99
Juang [jun],21.167,85.833,#446488
Juba_Arabic [apd-2],4.85,31.6,#D2CC77
Kabardian [kbd],43.52,43.63,#3233A6
Kabyle [kab],36.5,5,#9B4D3D
Kadazan [kzj],5.917,117.167,#CF9742
Kaera [xxx-111],-8.38,124.21,#AC77D4
Kagoshima [jpn-5],31.6,130.55,#35B794
Kaike [kzq],28.9,83.17,#2AA1A6
Kairiru [kxa],-3.417,143.583,#C46ABB
Kakua [cbv],1.08,-70,#2055A2
Kala Lagaw Ya [mwp],-10.12,142.12,#43DB81
Kalam [kmh],-5.25,144.583,#5B88BA
Kalami [gwc],35.48,72.59,#39A75B
Kalasha [kls],35.73,71.75,#308E5A
Kalkatungu [ktg],-21,139.5,#3A6977
Kalkoti [xka],21.91,78.72,#18A871
Kalmyk [xal],45,47,#289973
Kamang [woi],-8.25,124.833,#B151EA
Kamba [kam],-2,38,#D74E74
Kambera [xbr],-9.833,120.5,#E6767C
Kambran [bed],-2.78,132.7,#C3A2B0
Kamoro [kgq],-4.333,136,#4837CC
Kanakuru [kna],10,12,#AE776A
Kanashi [xns],32,77.55,#32A764
Kangri [xnr],31.5,77,#1C9657
Kannada [kan],14,76,#278B69
Kanoê [kxo],-12.5,-62.25,#5B43AA
Kanum [kcd],-8.583,140.75,#427163
Kanuri [knc],11.25,14.25,#64586F
Kapampangan [pam],15.333,120.5,#BF5C3C
Kapau [hmt],-7.667,146.167,#4E2EB7
Karachay-Balkar [krc],44,42,#17A070
Karaim [kdr],54.63,24.93,#57994C
Karajarri [gbd],-18.5,122.5,#35C870
Karakalpak [kaa],43,60,#0CA36C
Karas Laut [kgv],-3.6,132.667,#456FA5
Karbi [mjw],26.2,93.5,#4A82AE
Karen [bwe],17,98,#ECCBB6
Karen_Geba [kvq],19.02,96.58,#E7C2AE
Karen_Pho [pwo],14.333,98.3,#E5E5B7
Karen_Pho_Kyonbyaw [pwo-3],17.6,95.2,#EDAFBE
Karen_Sgaw [ksw],17,94.833,#ECE2AD
Karo_Batak [btx],3,98.167,#CF735D
Karok [kyh],41.67,-123,#56398C
Kashmiri [kas],34,76,#2E8350
Kate [kmg],-6.5,147.833,#4847BD
Katu [ktv],15.833,107.583,#EFEB91
Kaugel [ubu],-5.95,144.167,#486DA9
Kaulong [pss],-6.25,150.5,#C96FAD
Kaure [bpp],-3.333,139.333,#3457AF
Kawaiisu [xaw],36,-117.5,#534478
Kayah_Li [eky],19,98,#CBBBC3
Kayardild [gyd],-17.05,139.5,#4E8F7B
Kazakh [kaz],50,70,#1D8A74
Kedang [ksx],-8.25,123.75,#DE7CA9
Kei [kei],-5.67,133.08,#D185A4
Kéo [xxk],-8.83,121.25,#EDCC87
Kera [ker],9.83,15.08,#BB8D86
Keraq [unr-2],24,85.2,#418168
Kerinci [kvr],-2.15,101.5,#BBA64D
Kesui [wah],-4.5,131.667,#D574A9
Ket [ket],64,87,#7F6A66
Keuw [khh],-3.2,136.2,#A2D0D5
Kewa [kew],-6.333,143.75,#3E9795
Khakas [kjh],53,90,#209176
Khalaj [klj],35,50,#2D9A64
Khaling [klr],27.6,86.7,#306597
Khalkha [khk],47,105,#2AAA6D
Kham [kgj],28.5,82.75,#26689C
Khanty [kca],65,65,#61956D
Kharia [khr],22.5,83.5,#468179
Khasi [kha],26,92,#A9BE57
Khengkha [xkf],27.28,90.75,#44BABE
Khmer [khm],12,105,#EDCE93
Khmu [kjg],19,100.75,#E6D77F
Khowar [khw],36.5,72.5,#199A6F
Kija [gia],-17.5,127.75,#484595
Kilivila [kij],-8.5,151,#E15B7D
Kiluba [lub],-8.5,26,#D85479
Kimaama [kig],-8,139.583,#A58EE0
Kinnauri [kfk],31.5,78.25,#3A8570
KinyaRwanda [kin],-2,30,#C94E6C
Kiowa [kio],37,-99,#6B3592
Kirghiz [kir],42,75,#188D73
Kiribati [gil],1.333,173,#FB6847
Kisi [kss],8.83,-10.17,#CB6E77
Kitanemuk [xxx-43],34.5,-117.5,#615A6E
Klamath [kla],42.5,-121.5,#4C6E33
Klon [kyo],-8.417,124.417,#B879D2
Koasati [cku],34.83,-85.17,#5640B4
Kobon [kpw],-5.167,144.417,#7371BF
Kodagu [kfa],13.08,76.42,#0D9B64
Koiwai [kwh],-4,134,#C16499
Kokborok [trp],24.33,92.5,#2887B0
Kokota [kkk],-8,159.25,#C5645B
Kola [kvv],-5.42,134.5,#D6698E
Kolami [kfb],20,78.5,#1EB062
Kolana [kvw],-8.3,125.133,#A15FDC
Kolokuma [ijc],4.92,5.67,#496FA3
Komo [xom],9,33.75,#CD6E63
Komodo [knh],-8.5,119.5,#E8986B
Kongo [kng],-5,15,#E05E6E
Konjo [kjc],-5.333,119.833,#DE6159
Konkani [knn],15.25,74.4,#29A657
Konso [kxc],5.4,37.5,#76707F
Korana [kqz],-26,22,#5B7662
Korean [kor],37,128,#4AB46D
Korku [kfq],25,78.5,#45905E
Koro [hru-2],27.25,92.8,#37AB9E
Koromfe [kfz],14.25,-0.92,#B67673
Korowai [khe],-5.417,140.25,#2D73A6
Kosraean [kos],5.3,163,#E78763
Koya [kff],17.5,81.333,#10B554
Koyi [kkt],27.4,86.9,#265798
Koyra Chiini [khq],16.75,3.5,#CB9F81
Kpelle [xpe],7,-10,#9E6A8F
Krongo [kgo],10.5,30,#B26E74
Ku Waru [xxx-14],-6,144.15,#4270AB
Kuanua [ksd],-4.4,152.167,#DC894C
Kui [kvd],-8.583,124.75,#AA55F2
Kui [kxu],20,83.5,#1CBA60
Kukatj [xxx-38],-17.95,140.8,#499181
Kuke [ght],28.531,84.846,#41859E
Kuku Nganhcara [wua],-14.8,141.9,#5CBC8B
Kuku Yalanji [gvn],-16,145,#47CE55
Kuman [kue],-5.917,144.917,#4B68B9
Kumauni [kfy],30,80,#1BB23F
Kumzari [zum],26,56.3,#9B728A
Kunama [kun],14.5,37,#716192
Kundal_Shahi [shd],34.55,73.84,#1A9559
Kunjen [kjn],-16.5,142,#52C594
Kuot [kto],-3.083,151.5,#C73D4C
Kupang Malay [mkn],-10.18,123.58,#E4B988
Kurdish [kmr],36,44,#75524C
Kurtöp [xkz],27.83,91,#3AB7B2
Kurux [kxl],26.5,87.35,#226583
Kusunda [kgg],28.33,83.1,#5D9593
Kutenai [kut],49.5,-116,#A13D2E
Kuuk Thaayorre [thd],-14,142.25,#62A588
Kuuku-Ya'u [kuy],-12.583,143.083,#4CC28D
Kuvi [kxv],18.75,82.667,#17BA75
Kwaio [kwd],-8.917,161.083,#E36B79
Kwangari [kwn],-18.5,20,#CA4E54
Kwaza [xwa],-12,-60.5,#63539F
Kwerba [kwe],-2.167,138.5,#3C579C
Kwini [gww],-14.333,126.75,#773599
Kyirong_Tibetan [bod-3],28.4,85.2,#31A1AF
Laal [gdm],10,17.67,#AF5E66
Lachi [lbt],23.123,104.703,#E8D59A
Ladakhi [lbj],34,78,#2993B0
Laguna [kjq],35.25,-107.33,#7E4C9C
Lahu [lhu],20.75,100.75,#9CB6BE
Lak [lbe],42.17,47.11,#3F887D
Lakhota [lkt],45,-102,#AE55BC
Lakkia [lbc],24.08,110.17,#DFDF92
Lamaholot [slp],-8.25,123,#C197AB
Lamani [lmn],18,77,#43AA68
Lamba [lam],9.8,10.5,#CF5A60
Lamjung Yohlmo [scp-2],28.33,84.42,#3AADAB
Lampung [ljp],-5,105,#E79F6F
Lango [laj],2,33,#CA4F67
Lani [dnw],-3.75,138.2,#5042CF
Lao [lao],19,103,#DCD387
Larantuka Malay [lrt],-8.33,123,#E2CA97
Lardil [lbz],-16.5,139.5,#5BA26A
Larike [alo],-3.783,127.917,#DB4EBA
Latvian [lav],56.8,24.1,#5E7E19
Lavukaleve [lvk],-9,159,#7A46A6
Lele [lln],9.08,15.58,#B06594
Lelepa [lpa],-17.64,168.18,#D067B3
Lenakel [tnl],-19.583,169.083,#CD5A97
Lepcha [lep],27,88.2,#62B796
Leti [lti],-8.167,128.167,#E359AF
Lewo [lww],-16.667,168.333,#CE49A4
Lezgian [lez],41.58,47.78,#1C9C79
Lhasa_Tibetan [bod],29.65,91.14,#43AFB9
Lhomi [lhm],27.75,87.4,#4D9EAA
Liko [kbo],3.75,30.5,#B03D73
Limbu [lif],27.167,87.75,#3E6196
Limilngan [lmc],-12.5,131.917,#86329D
Linda [liy],6,21,#E17CAE
Lingala [lin],1,18.5,#C64D84
Lisu [lis],19.5,98.75,#86CDA6
Lithuanian [lit],54.9,23.9,#488226
Logba [lgq],6.9,0.45,#C26A9A
Lokono [arw-2],6.07,-57.6,#7451A0
Longgu [lgu],-9.75,160.75,#ED7D41
Loniu [los],-2.1,147.417,#E97AA9
Lote [uvl],-5.6,151.9,#C9798B
Lozi [loz],-15,23,#B45356
Lü [khb],22,100.67,#E8E192
Luangiua [ojv],-5.417,159.65,#D0C379
LuGanda [lug],0.5,32.17,#C83E63
Luo [luo],-0.4,34.4,#C4365E
Lushootseed [lut],48,-122,#924A42
Luvale [lue],-12,22,#D04262
Ma'ya [slz],-1.25,130.92,#C67A84
Maanyan [mhy],-2,115,#F9A468
Maasai [mas],-3,36,#994651
Maba [mde],13.75,20.83,#605F98
Macedonian [mkd],41.6,22,#56A912
Macushi [mbc],4.5,-60,#465869
Madi [mhi],3.45,31.17,#B082B1
Madimadi [xxx-18],-34.5,143.5,#519F51
Madurese [mad],-7.25,113.333,#E6A95D
Magahi [mag],25,85,#1D9E59
Magar [mgp],28,83,#379599
Mahali [mjx],22.85,87.1,#3D804E
MaiBrat [ayz],-1.25,132.667,#D880A4
Maidu [nmu],40,-120.67,#176A82
Mairasi [zrs],-3.5,134,#7D5DC2
Maisin [mbq],-9.5,149.167,#7543C2
Maithili [mai],26.5,86,#39A851
Majhi [mjz],27.25,86.15,#278760
Mak [mkg],26,107.75,#E0D985
Makah [myh],48.33,-124.67,#976355
Makasai [mkz],-8.5,126.5,#9CC2AC
Makassar [mak],-5.417,119.583,#D8654E
Makhuwa-Enehara [vmw],-15,39,#B84887
Mako [wpc],4.215,-65.742,#5043A7
Makua [vmw],-15,38,#D04E67
Malagasy [bhr],-20,47,#C9864A
MalakMalak [mpb],-13.417,130.417,#6E63A5
Malay [zlm],3.13,101.68,#D8A767
Malayalam [mal],8.5,77,#27B459
Malgana [vml],-26,115,#32C57A
Mali [gcc],-4.833,152.25,#99439B
Malto [kmj],25,87.333,#13B864
Mam [mvc],15.25,-92,#B74342
Mamainde [wmd],-13.5,-60,#7131C3
Mamanwa [mmn],9.417,125.5,#C5804E
Mambai [mgm],-8.75,125.42,#DEB4B4
Mambwe [mgr],-9,31,#D24D74
Manadonese [xmm],1.5,124.833,#D4B96C
Manam [mva],-4.083,145.083,#C64FA3
Manange [nmm],28.667,84.08,#2ABA94
Manchu [mnc],45,125,#208285
Mandan [mhq],46,-100,#4F2DC6
Mandarin_Beijing [cmn],40,116.75,#A5C97C
Mandinka [man],13,-15.67,#82927B
Mandinka_Gambia [mnk],13,-15,#6C938D
Manggarai [mqy],-8.667,120.333,#FBC37E
Manggarayi [mpc],-14.667,133.5,#724667
Maninka [emk],13,-10,#729A91
Manobo_Western Bukidnon [mbb],7.667,124.833,#D38441
Mansi [mns],62,62,#2E9151
Manx [glv],56.2,-4.5,#717837
Maonan [mmd],25,108.5,#CDD197
Maori [mri],-39,176.5,#B1A765
Mapudungun [arn],-36,-72,#7E6873
Mara [mec],-15.1,135.2,#85358C
Marathi [mar],18,74.5,#1FA954
Margany [zmc],-26.5,145,#2BBD56
Margi [mrt],11,13,#CC629F
Maricopa [mrc],33.17,-113.17,#5730B9
Marind [mrz],-8,140.5,#704296
Marquesan_Ua Pou [mrq],-9.33,-140,#A2B94D
Marshallese [mah],12.5,162.5,#F38C7A
Martuthunira [vma],-21,116.5,#5E9154
Matbat [xmt],-2,130.33,#DB6CC7
Matengo [mgv],-11,34.67,#C34A7B
Matngele [zml],-13.833,130.417,#8B5AA7
Maung [mph],-11.917,133.5,#AF5262
Maxakali [mbl],-18,-40,#7A7BA6
Mbabaram [vmb],-16.85,144.8,#53C68D
Mbaham [bdw],-3,132.5,#465BC6
Mehri [gdq],16,52,#735A25
Meitei [mni],24.75,94,#4F9AA9
Mekeo [mek],-8.5,146.467,#8E3EB6
Melanau [mel],4.4,114,#F78B67
Memba [tsj-2],29,94.8,#46BEAB
Mende [men],8,-11.5,#8A8492
Menya [mcr],-7.25,146,#6230C6
Meryam Mir [ulk],-9.92,144.08,#42CA6D
Meteq [xem],0.7,110.5,#E7996B
Meyah [mej],-1,133.667,#CA65C3
Mian [mpt],-4.667,141.25,#405FB6
Mien [ium-6],24.583,112.267,#D9D991
Mien_Yao [ium],20.833,101.167,#CDD5A4
Miji [sjl],27.54,92.6,#48A7AA
Miju [mxj],28,97,#2088A9
Milang [xxx-122],28.6,94.5,#25C399
Mina [gej],6.6,1.5,#E5C0A6
Minangkabau [min],0,100.167,#DFA070
Miriwung [mep],-15.667,129,#503D72
Mising [mrg],27.5,94.3,#33B2A3
Miwok [skd],37.5,-120,#4F613A
Mixtec [mim],17,-99,#CE7550
Miya [mkf],11,10,#C76347
Mizo [lus],23.167,92.833,#79A8B9
Mlabri [mra],18.833,101,#E9FBA6
Mnar [pbv-2],25.9,91.58,#A2885B
Moghol [mhj],35,62,#2F9759
Mohave [mov],34.67,-114.58,#513FC1
Moken [mwt],11,98.5,#F8DAA9
Mokilese [mkj],6.667,159.75,#F2916F
Momu [fqs],-3.167,141.667,#476691
Mon [mnw],15,100,#F6EB9C
Mongguor [mjg],36,102,#2F9A70
Mongolian [mon],50,105,#249585
Moni [mnz],-3.583,136.833,#22429C
Mono [mnr],38,-119,#455B6F
Montagnais [moe],52,-65,#86278D
Mor [mhz],-2.917,135.75,#BF72A0
Mor [moq],-2.833,132.75,#9947D5
Motu [meu],-9.5,147.25,#A66DA1
Motuna [siw],-6.617,155.417,#4B4EB0
Mpur [akc],-0.833,133,#DA89B4
Mru [mro-2],21.45,92.5,#93B1A2
Muak Sa-aak [ukk],21.183,100.367,#F4B699
Mualang [mtd],0.8,111,#E0A874
Mudukumo [bwm],-4.367,143.867,#3DB197
Muk-Thang [xxx-95],-37.75,149,#54755A
Mulao [mlm],24.25,109,#DFD888
Muna [mnb-2],-5,122.417,#E3625F
Mundang [mua],10.1,14.45,#D07483
Mundari [unr],24,86.167,#64776B
Murinbata [mwf],-14.667,129.667,#8B488C
Murle [mur],6,33.75,#9D675B
Muruwari [zmu],-29,146.75,#429259
Mussau [emi],-1.5,149.667,#E15B64
Mustang [loy],29.18,83.96,#3AAAB3
Mutsun [css-2],36.83,-121.5,#6E5A3D
Mwani [wmw],-12.15,40.57,#C5457F
Mwera [mwe],-10,39,#CC4F6E
Mwotlap [mlv],-13.7,167.63,#D3749B
Na [nbf-2],27.2,101,#86B6CE
Nahali [nlx],24,77.5,#36B46D
Nahavaq [sns],-16.53,167.123,#D75F8C
Nakanai [nak],-5.5,150.833,#E27574
Nakkara [nck],-12.117,134.417,#842E96
Nama [naq],-23.5,22,#6E7B5A
Namakir [nmk],-17,168.583,#D8719A
Nanchang [gan],28.7,115.9,#A9D586
Nancowry [ncb],8,93.5,#ABB648
Nandi [kln],0.25,35,#91306A
Nar_Phu [npa],28.68,84.2,#3EAEB1
Nasioi [nas],-6.333,155.583,#0B5AA4
Navajo [nav],36.17,-108,#923295
Ndebele [nbl],-20,28.5,#B5516B
Ndjébbana [djj],-12.167,134.117,#6A359A
Ndonga [ndo],-18,17,#BA4F55
Nen [nqn],-8.6,142.1,#536485
Nenets [yrk],70,76,#298547
Neo-Aramaic [trg],36.2,43.75,#78663F
Nepali [nep],28.72,82,#24A862
Nepali_hill [nep-2],28,84.33,#31C071
Nevome [ood-2],19,-98.25,#64437D
Newar_Kathmandu [new],27.5,85.333,#3999A2
Newari_Dolakha [new-2],27.58,86.667,#3AB19E
Nez Perce [nez],46,-117,#5A4E37
Ngaanyatjarra [ntj],-27.5,126,#3A7AA3
Ngadha [nxg],-8.833,121,#F4CF7D
Ngadjunmaya [nju],-32,123.5,#4AAD93
Ngalakgan [nig],-14.5,134.833,#6E3890
Nganasan [nio],71,93,#3B646F
Ngandi [nid],-13.5,135,#4E2489
Ngankikurungkurr [nam-2],-14,130.5,#6E5882
Ngarinyeri [nay],-35.6,139.1,#2D747B
Ngarinyin [ung],-16.25,126.5,#996A94
Ngarla [nlr],-20.33,119.5,#46A97F
Ngawun [nxn],-19.5,141.5,#36D03D
Ngbaka [nga],4.25,21.17,#C59497
Ngiti [niy],1.33,30.25,#894B74
Ngiyambaa [wyb],-31.75,145.5,#498964
Nguna [llp],-17.5,168.333,#D1478C
Ngwe [nwe ],5.488,9.856,#CA649A
Nhanda [nha],-27.5,114.75,#46AB69
Nias [nia],1,97.5,#CF8250
Nimboran [nir],-3.083,140.167,#5E4BD5
Nisenan [nsz],39.33,-120.83,#31898F
Nisgha [ncg],55,-130,#A95663
Nishi [dap],27.7,94.2,#4E91A8
Niue [niu],-19,-169.5,#E3B14A
Nivkh [niv],53.333,142,#616FB9
Nkore-Kiga [cgg],-0.92,29.83,#DC5B80
Nobiin [fia],21,31,#244A97
Nonthaburi Malay [xxx-20],13.92,100.4,#F2D198
Norwegian [nob],62,8,#74B724
Nuaulu [nxl],-3.25,129.083,#BC659B
Nubi [kcn],0.6,32.55,#B7987C
Nubian [kzh],12.5,31,#396782
Nubri [kte],28.64,84.61,#41A0A1
Nubri_lower [kte-2],28.53,84.79,#3E82A1
Nung [nut],21.917,106.5,#E7C78D
Nunggubuyu [nuy],-13.75,135.667,#7D4B70
Nyaheun [nev],15,107,#E7D3B6
Nyahkur [cbn],15.67,101.67,#E7D7A3
Nyangumarta [nna],-20,121,#47844E
Nyawaygi [nyt],-19,145.9,#4F9A7B
Nyoro [nyo],1.5,31,#CF4E63
Nyulnyul [nyv],-17,123,#8B5254
Nyungar [nys],-33.75,116,#40C68B
Nzadi [xxx-48],-4.05,19.65,#B85E7B
O'odham [ood],32,-112,#87444E
Obokwi [afz],-2.767,138,#89D2B2
Ogami [mvi],24.9,125.3,#2CA88D
Oirata [oia],-8.083,127.167,#89AFD0
Ojibwe [ojg],49,-92.5,#931041
Olekha [ole],27.2,90,#24AB98
Olo [ong],-3.25,142.167,#C66AB2
Omaha [oma],42,-97.25,#9F30D8
One [aun],-3.417,141.833,#838980
Oneida [one],43,-75.67,#A13868
Ong Be [onb],19.8,110,#F5EA9A
Onge [oon],10.75,92.5,#4428AA
Onin [oni],-2.833,132.083,#D190C7
Oraon [kru],25.75,88.75,#216C7F
Ordos [mvf],39,109,#149A6E
Oriya [ori],21,85,#29AA56
Ormuri_Khaniguram [oru-2],32.52,70,#4A9240
Ormuri_Logar [oru],33.25,69.5,#4C8E43
Oromo [hae],9,37,#6D8370
Osage [osa],37,-94,#674BCE
Ossetian [oss],42.24,44,#397E54
Ostyak [kca-2],61,75,#449F6A
Otomi [otm],21,-99.5,#C4594D
P'urhépecha [tsz],19,-102,#61675A
Paamese [pma],-16.5,168.333,#C7488C
Pacoh [pac],16.42,107.08,#D8C66E
Paez [pbb],3,-76,#137B9D
Pagu [pgu],1.1,127.7,#BC52BD
Paiute_Northern [pao],40.75,-118,#495A77
Paiwan [pwn],22.333,120.833,#B26D3D
Palauan [pau],7.167,134.5,#CA6B57
Palaung [plw],22.667,96.4,#F1E284
Palawan [plc],9.5,118.5,#CA7B62
Palue [ple],-8.333,121.75,#D2AF77
Palula [phl],35.4,71.75,#28AA51
Panare [pbh],6.733122,-66.048767,#5A3A93
Pangasinan [pag],15.917,120.333,#BA773E
Panyjima [pnw],-22.833,118,#298F58
Pare [asa],-4,36.5,#DD4960
Pashto [pst],35,65,#4D8051
Passamaquoddy-Maliseet [pqm],45,-67,#932C56
Pattani [lae],32.6,77.2,#28A785
Paulohi [plh],-3.3,128.8,#E65BB4
Paumarí [pad],-7,-64.5,#755170
Pawaian [pwa],-7,145.25,#4D98BB
Pech [pay],15,-85.5,#44589B
Pendau [ums],0,119.83,#C47B62
Pima Bajo [pia],29,-111,#556E65
Pingjiang [gan-6],28.76,113.67,#AED493
Pipil [ppl],13.85,-89.55,#A73431
Pirahã [myp],-7.33,-62,#857AC3
Pitjantjatjara [pjt],-26.833,130,#406FA9
Pitta-Pitta [pit],-23.5,121,#367F55
Pitu Ulunna Salu [ptu],-3.083,119.083,#D25E6E
Plang [blr-2],23.4,100.1,#E8D08E
Pnar [pbv],25,92.5,#B19B44
Polish [pol],52,20,#57990D
Pomo_Eastern [peb],39,-122.67,#2995BB
Pomo_Southeastern [pom],38.83,-122.5,#209185
Ponapean [pon],6.883,158.25,#E78572
Portuguese [por],39,-8,#8A9C21
Pulaar [fuc],15.6,-15.2,#BE3274
Puluwat [puw],7.333,149.333,#E49C6F
Pumi [pmi],28,101,#5F90DA
Punjabi [pan],31,75,#2FAD32
Purik [prx],34.55,76.15,#21A7A7
Puroik [suv],28,93,#57BBBD
Puxi [jih],32.25,101.95,#6C8CAB
Puyuma [pyu],22.833,121.083,#C4853D
Qiandong_Hmong [hmq],26.67,108.32,#DBD39A
Qiang [qxs],32,103.5,#4886AE
Quechan [yum],32.83,-114.33,#5043C1
Quechua_Cusco  [quz],-13.5,-72,#1E7F74
Quechua_Huallaga [qvh],-6,-76,#34736C
Quechua_Imbabura [qvi],0.33,-78.33,#358752
Quechua_Yauyos [qvi-2],-12.62,-75.7,#39796D
Quileute [qui],47.925,-124.25,#804B2A
Rabha [rah],26.1,90.25,#29AF87
Rajasthani [raj],26.57,73.83,#2FA940
Rajbangshi [rkt],26.5,88.5,#169647
Raji [rji],29,81.15,#4774A8
Rama [rma],11.5,-83.9,#657F92
Rana_Tharu [thr],28.68,80.6,#3F895F
Rapa_Nui [rap],-27.333,-110,#BEA767
Ratahan [rth-2],1.08,124.83,#C67B55
Raute [rau],28.6,81.5,#2B7C71
Rawang [raw],27.5,97.5,#7DDDA1
Remo [bfw],18.333,82.333,#278685
Rennellese [mnv],-11.85,160.33,#AD9B44
Rgyalthang [khg-7],27.833,99.7,#2DA9A4
Riff [rif],34,-3.75,#B85234
Ritharngu [rit],-12.833,135.5,#3B647B
Rohingya [rhg],20.82,92.37,#27A75A
Roma [rmm],-7.2,128.583,#D4719E
Romanian [ron],45,27,#729221
Romansh [roh],46.8,9.4,#71A11A
Ronga [rng],-26,32.5,#BA534A
Rongpo [rnp],30.9167,79.5,#21AE72
Roro [rro],-8.75,146.58,#AF54D8
Rote [twu],-10.75,123.25,#D05F76
Rotokas [roo],-6,155.17,#7C6583
Rotuman [rtm],-12.333,177,#DC6070
Rukai [dru],22.833,120.833,#B7734F
Runyankore [nyn],-0.5,30.5,#D9507B
Russian [rus],55,38,#609807
Saa [apb],-9.5,161.583,#E14B87
Sabanê [sae],-12,-60,#645FBE
Sadu [xxx-63],24.35,102.525,#8EDDC1
Sahu [saj],1,127.417,#DF61A0
Saliba [sbe],-10.667,150.75,#A76BA5
Salinan [sln],36,-121,#A0276D
SaltYui [sll],-6.283,145,#626CC1
Sami [sme],70,28,#3FAC4D
Samoan [smo],-14,-172.667,#BDA977
Sandawe [sad],-5,35,#6A5C9C
Sangir [sxn],3.58,125.75,#B8826B
Sango [sag],5,18,#D4C094
Santa [sce],35.65,103.4,#43B178
Santali [sat],24.5,87,#3D804E
Sanuma [xsu],4,-64,#78ACA8
Saptariya Tharu [thq],26.6,86.7,#2EA665
Sapuan [spu],15.333,106.833,#ECFC8E
Sarcee [srs],52.5,-116,#7B4693
Sardinian [sro],40,9,#72A01C
Sartang [onp],27.33,92.27,#2FAAC3
Sasak [sas],-8.67,116.5,#E6846A
Sauria Paharia [mjt],24.3,88.9,#13B864
Savosavo [svs],-9.167,159.833,#868587
Sawu [hvn],-10.5,122,#C5825A
Scots English [sco],56,-3.25,#859C27
Scots Gaelic [gla],57,-5,#816827
Sedang [sed],14.667,108,#F6E089
Seediq [trv],24.167,121.417,#AE7160
Sekar [skz],-2.7,132.43,#C28BB6
Seke [skj],29,83.91,#36C4AF
Selaru [slu],-8.25,130.917,#E25493
Selknam [ona],-54.45,-67.15,#8F7186
Selkup [sel],65,82,#1E776E
Semelai [sza],3,102.5,#CAA054
Sentani [set],-2.583,140.633,#5A57AA
Serbian [srp],45,20,#53A61A
Seri [sei],29,-112.5,#8422C1
Serrano [ser],34.33,-117,#3F7B83
Sesotho [sot],-28,27,#BD514F
Shan [shn],22,98,#D3E87D
Shanghai [wuu],31,121,#A8E672
Shasta [sht],41.83,-122.67,#88209B
Shawnee [sjw],40,-83,#442580
She [shx],23.04,114.93,#C4DB90
Sheko [she],7,35.5,#3F7D8F
Sherdukpen [sdp],27.2,92.4,#29AFA9
Sherpa [xsr],27.833,86.833,#4CBBB6
Sherpa_Hile [xsr-2],27.675,86.71,#39A9A7
Shigatse [bod-6],29.26,88.88,#2EB596
Shina [scl],36,74,#15AD56
Shipibo [shp],-7,-75,#379184
Shona [sna],-18,31,#C1496A
Shoshone [shh],41,-115.5,#3A7387
Shuswap [shs],52,-120,#833C41
Siane [snp],-6.05,145.25,#1F5F9F
Siberian Yupik [ess],65,-175,#2C5295
Sierra Popoluca [poi],18.23,-94.87,#6F3687
Sika [ski],-8.62,122.22,#DA8C99
Sinaugoro [snc],-9.833,147.917,#AA61A6
Sindhi [snd],26,69,#249545
Sinhalese [sin],7,81,#33AD66
Siroi [ssd],-5.5,146,#6485B8
Sisiqa [bbq],-7.133,157,#E76B59
SiSwati [ssw],-27,32,#B24C4F
Siuslaw [sis],44,-124,#686526
Skou [skv],-2.667,140.917,#9268B8
Slave [xsl],60,-120,#9051A8
Slovene [slv],46,14.5,#4FA210
Sm'algyax [tsi],52.5,-129,#9B6959
So [teu],2.5,34.75,#9D6D4B
So [xxx-60],17.333,104.333,#E9C395
Sobei [sob],-1.917,138.75,#CC7B9F
Soboyo [tlv],-1.83,124.92,#C685A5
Solega [sle],12.2,76.5,#11818B
Somali [som],7,47,#90587C
Soninke [snk],13.25,-14.25,#808C94
Sonsorol [sov],4.5,132.083,#E79467
Soqotri [sqt],12.5,54,#7D5728
Sora [srb],20,84.333,#475C79
Sorbian [dsb],52,13.75,#369926
Sotho_South [sot-2],-30,28,#C04556
Sougb [mnx],-1.5,134,#A487AA
Souw Amana Teru [tlu],-3.58,128.3,#B26792
Spanish [spa],41.65,-4.75,#807B0F
Spanish_spoken [spa-2],39,-3,#837C18
Spiti [bod-2],32.75,77.75,#15B174
Squamish [squ],49.67,-123.17,#8F4038
Sre [kpm],11.5,108,#F2CB85
Stieng [sti],12,107,#EBF38A
Sudest [tgo],-11.5,153.5,#D44D8E
Suena [sue],-7.75,147.5,#57AE82
Sui [swi],26.25,107.5,#EBC992
Sukuma [suk],-3.234,33.516,#BD3F7D
Sula [szn],-2.06,125.98,#E082BE
Sulka [sua],-5.083,152,#BB4FA1
Sumbawa [smw],-8.583,117.5,#E98563
Sundanese [sun],-7,107.5,#EFBC6B
Sunwar [suz],27.6,86.3,#2A7AA0
Supyire [spp],11.5,-5.58,#9B9867
Surin Khmer [kxm],15,103.75,#EFD8A0
Swahili [swh],-6.5,39,#B93D6D
Swedish [swe],60,15,#79A51F
Taba [mky],0.333,127.583,#D98A99
Tabla [tnm],-2.417,140.333,#3764B2
Tadaksahak [dsq],16.58,2.83,#98518F
Tafi [tcd],6.8,0.4,#B567B2
Tagalog [tgl],14.75,121,#B57450
Tagbanwa_Aborlan [tbw],9,118,#C47B66
Tahitian [tah],-17.667,-149,#C9976B
Tai Aiton [aio],26.95,94.67,#E4CA9E
Tairora [tbg],-6.583,145.917,#1D5C95
Tajik [tgk],38.667,70,#659E4E
Takelma [tkm],42.5,-123,#5A388A
Takia [tbc],-4.75,146,#C35F9E
Talaud [tld],4,126.67,#CE896A
Talysh [tly],39,48.85,#1C7D6A
Tamambo [mla],-15.7,167.2,#C05C75
Tamang [tge],27.67,85.5,#42C6A4
Tamang_Eastern [taj],27.6,85.75,#3AD098
Tamang_Western [tdg],27.98,85.17,#4ACD98
Tamazight [tzm],33,-4,#9C4E3D
Tamil [tam],13,79,#0F846B
Tanacross [tcb],63.5,-143.5,#862AA3
Tanglapui [tpg],-8.3,125,#9D52EA
Tarahumara [tar],27.5,-107.5,#424D6D
Taraon [tro],28.2,96.25,#35BAA5
Tariana [tae],0.3,-69.7,#3E449B
Tashelhiyt [shi],31,-5,#AD4956
Tatana [txx],5.5,115.5,#D77D58
Tatar [tat],56,49.5,#20AC6A
Tause [tad],-2.833,137,#A3C7CE
Tausug [tsg],6,121,#E87E62
Tauya [tya],-5.75,145.3,#608DA7
Tawala [tbo],-10.333,150.5,#BC459A
Tboli [tbl],6.167,124.5,#DA8A52
Tehit Imyan [kps-2],-1.75,132.167,#CC70C1
Teiwa [twe],-8.333,124.2,#AF73CE
Telugu [tel],16,79.5,#1BA15D
Temiar [tea],4.833,101.333,#D8806F
Temne [tem],8.67,-13.08,#B68173
Tengger [tes],-7.95,112.95,#D78460
Teop [tio],-5.667,155.083,#F7656A
Tepehuan_Huehuetla [tee],20.476,-98.09,#8F385B
Tera [ttr],11,11.83,#CCA57F
Terêna [ter],-20,-56,#B13488
Ternate [tft],0.833,127.333,#E089AD
Ternate Malay [max],0.786,127.377,#D5B190
Tetun [tet],-9.333,125.083,#D89592
Thai [tha],15.583,100.333,#E7CB84
Thai_Northern [nod],18,99,#EBDB93
Thakali [ths],28.75,83.69,#4AB1AB
Thangmi [thf],27.75,86,#2A918C
Tharrkari [dhr],-23.6,115.7,#30BE6D
Themchen [adx-2],36.6,101.75,#2FA69C
Thulung [tdh],27.6,86.75,#295295
Tidore [tvo],0,127.75,#D16DA0
Tigak [tgc],-2.75,150.917,#F07E7E
Tigré [tig],16.5,38.5,#6B3F3F
Tigrinya [tir],14.5,38.5,#473A56
Timugon [tih],5,116,#D7A03F
Tiri [cir],-21.667,165.75,#D09E4B
Tiwa [lax],26.5,92.5,#45B2B1
Tiwi [tiw],-11.5,131,#AD5562
Tlingit [tli],57,-133,#524886
Toba_Batak [bbc],2.5,99.5,#DF7A59
Tobati [tti],-2.583,140.867,#866CBF
Tobelo [tlb],0.75,127.75,#B959BF
Tokelauan [tkl],-9.15,-171.78,#CBBA71
Tol [jic],14.75,-85,#646A72
Tolaki [lbw],-4,122.25,#C1555D
Tondano [tdn],1.25,125,#F19B4B
Tonga [toi],-17,27,#D1456C
Tongan [ton],-21.167,-175.25,#D2C16C
Tonkawa [tqw],30,-95,#3756A0
Toqabaqita [mlu],-8.333,160.667,#E636A6
Toratan [rth],1.083,124.833,#C99363
Torwali [trw],34.25,72,#13B043
Touo [tqu],-8.667,157.5,#615884
Trumai [tpy],-13.5,-53,#5BA780
Tsat [huq],18.25,109.5,#CBD689
Tshangla [tsj],27.07,92,#30B7B7
Tsova-Tush [bbl],42.5,45.5,#215F7D
Tsuken [xug],26.55,127.94,#22A89E
Tsum [ttz],28.51,85.08,#3095A9
Tübatulabal [tub],36,-118.33,#476A7B
Tubu [tuq],21,17,#594C7A
Tugun [tzn],-7.833,126.667,#E073AF
Tujia [tji],27.5,109,#95D5B7
Tukang_Besi [khc],-5.5,123.667,#D47463
Tulu [tcy],12.75,75.333,#0CAF63
Tümpisa [par],37,-117,#437572
Tunica [tun],32.67,-91,#5837B1
Turkana [tuv],3,35,#B64F7D
Turkish [tur],40,30,#248561
Turkish_Crimean [crh],45,34.083,#129C69
Turkmen [tuk],40,58,#1A9186
Turung [try],27.14,95.75,#89C6AA
Tuscarora [tus],36,-77.5,#8F408F
Tutsa [tvt],26.9,95.6,#469EB6
Tuva [tyv],52,95,#248C7F
Tuvalu [tvl],-10,180,#BFBF67
Tz'utujil [tzj],14.5,-91.25,#B8403F
Tzeltal_Aguacatenango [tzh],16.42,-92.5,#AF3443
Tzotzil [tzc],16.7,-92.7,#AB3639
U [xxx-61],22.6,101.7,#EFCA8F
Uab Meto [aoz],-9.67,124.25,#D88A8A
Udihe [ude],47.667,136.25,#31826A
Udmurt [udm],56.83,53.19,#419277
Uduk [udu],8.2,34.4,#A08B7A
Ughele [uge],-8.5,157.33,#D6516A
Uighur [uig],40,80,#1C8F78
Ukrainian [ukr],50,32,#519F13
Uma [ppk],-1.75,119.917,#E56A69
UMbundu [umb],-11.5,15,#B64870
Una [mtg],-4.667,140,#4F60A2
Ura [ryn],28.415,129.59,#2CA4A6
Uradhi [urf],-12,142.25,#52B87E
Urak_Lawoi [urk],7.25,99.25,#EED592
Urdu [urd],29,71,#4C9E31
Uruangnirin [urn],-3.5,132.833,#B975AC
Urubu-Kaapor [urb],-2,-47,#796699
Usan [wnu],-4.833,145.333,#8B40A2
Usarufa [usa],-6.5,146.083,#115199
Ute [ute],39,-109,#444F82
Uzbek [uzn],39,66,#2A8D5B
V'ënen_Taut [nmb],-16.083,167.25,#C856AB
Vai [vai],7.3,-10.55,#9E9996
Valman [van],-3.25,142.5,#C95C92
Vano [vnk],-11.667,166.75,#DE9C8E
Varli [vav],20,73.79,#26A15E
Venda [ven],-23.5,30,#BE435E
Vietnamese_Hanoi [vie],21.03,105.85,#E9D688
Wahgi [wgi],-6.667,145.583,#59789A
Waigali [wbk],35.2,70.99,#26825C
Waima'a [wmh],-8.5,126.33,#DEDDA6
Wakhi [wbl],36.5,72,#23A949
Walapai [yuf],35.5,-113.75,#2D4D9B
Walmatjarri [wmt],-20.116,127.461,#3B6563
Wambaya [wmb],-18.667,135.75,#6D625B
Wambule [wme],27.12,86.45,#426B9E
Wandamen [wad],-2.67,134.25,#CC6DAA
Wangkajunga [mpj-4],-19,126,#3A7572
Waorani [auc],-1,-76.5,#5588A1
Wappo [wao],38.5,-122.5,#477695
Warao [wba],9,-62,#3E6D87
Waray-Waray [war],12,125,#B47356
Wardaman [wrr],-15.5,131,#5B5270
Warekena [gae],2,-65,#7A5272
Warembori [wsa],-1.65,137.6,#C875C0
Wari' [pav],-11.5,-65,#DC6873
Warlpiri [wbp],-20,132.333,#4B7162
Warndarang [wnd],-14.417,135.583,#644098
Waropen [wrp],-2.333,136.667,#C645C3
Warrgamay [wgy],-18.583,146.167,#38B162
Warrnambool [xxx-31],-38.25,142.5,#628356
Warumungu [wrm],-19.6,134.2,#56B274
Washo [was],39.25,-120,#444EA6
Waskia [wsk],-4.583,145.917,#6B83A2
Wathawurrung [xxx-32],-37.5,144,#567871
Watjarri [wbv],-29,117.25,#56A56C
Wayana [way],1.216667,-54.656667,#4D21A8
Welsh [cym],52.3,-4,#947423
Wembawemba [xxx-33],-36,142,#536452
West Makian [mqs],0.333,127.417,#E45DB7
Wichí [mzh],-22.5,-62.583,#A64972
Wichita [wic],33.33,-97.33,#89367E
Wik Mungkan [wim],-13.667,141.833,#49BF87
Wik Ngathana [wig],-13.917,141.5,#48D99A
Winnebago [win],43,-89,#AB43C5
Wintu [wit-2],41,-122.5,#475786
Wirangu [wiw],-32,134,#4B9B89
Woleaian [woe],7.333,143.833,#F98D7A
Wolio [wlo],-5.5,122.75,#D45C64
Wolof [wol],15.25,-16.5,#E06952
Wooi [wbw],-1.72,135.47,#C3689B
Worora [unp],-15.667,124.667,#5E2EA5
Wotu [wtw],-2.56,120.76,#E45B68
Wulguru [xxx-35],-19.25,146.5,#3D8D5E
Wutun [wuh],35.9,102.1,#4AB3B8
Wutung [wut],-2.667,141.167,#957BA3
Wuvulu [wuv],-1.72,142.833,#C35D61
Wyandot [wya],48.861,-71.357,#7C16A8
Xhosa [xho],-33,28,#B14A61
Xokleng [xok],-24.3,-50,#66879A
Xuwen [nan-7],20.35,110.2,#BBDC80
Yabem [jae],-6.75,147.833,#A362B6
Yagaria [ygr-2],-6.417,145.417,#2E5695
Yagua [yad],-3.5,-72,#935F6E
Yakkha [ybh],27.2,87.25,#315DA4
Yakut [sah],62,130,#24897E
Yala [yba],6.4,8.4,#D794A9
Yamphu [ybi],27.4,87.1,#246995
Yankuntjatjara [kdd],-27.5,132,#3D808F
Yanyuwa [jao],-15.833,136,#516C67
Yao [yao],-11.45,34,#DD4A62
Yap [yap],9.53,138.1,#CF6351
Yaqui_Arizona [yaq],31.67,-111.25,#5F7E5F
Yarik [erw],-2.7,132.6,#C38EB8
Yawa [yva],-1.75,136.25,#8B5BC4
Yawelmani [yok-2],35.3,-118.65,#5A9C3F
Yawuru [ywr],-18,122.5,#624664
Yaygir [xxx-36],-29.667,153,#3AB97E
Yeletnye [yle],-11,154,#5739B4
Yelmek [jel],-7.667,139.75,#389F73
Yessan-Mayo [yss],-4.083,142.583,#2EB381
Yeyi [yey],-20,23.5,#B9437C
Yidiny [yii],-17.917,146.09,#4AA778
Yimas [yee],-4.75,143.583,#594278
Yindjibarndi [yij],-21.5,117,#43B050
Yingkarta [yia],-24.7,114.5,#489C50
Yir Yoront [yiy],-14.333,142.25,#40A875
Yohlmo [scp],27.85,85.6,#2AB1A2
Yokuts_Northern Foothill [yok],36.58,-119.08,#46A250
Yoruba [yor],8,4.33,#D7AE80
Yuchi [yuc],35.75,-86.75,#7A38CD
Yugur [ybe],38.988,100.025,#3A9883
Yukaghir [ykg],65.75,150.833,#377D7C
Yuki [yuk],39.67,-123.5,#45818A
Yukulta [gcd],-17.333,138.833,#487157
Yunnan_Kunming [smm],24,102,#AFD577
Yup'ik_Central Alaskan [esu],59.5,-160,#305C81
Yuracaré [yuz],-16.5,-65,#613E74
Yurok [yur],41.33,-124,#7D615E
Yuwaalaraay [kld],-29.5,148,#34B04E
Zaiwa [atb],24.5,98.5,#7A87C0
Zapotec [zai],16.5,-95,#D9406C
Zhuang [zyn],23.6,108.3,#D8C689
Zulu [zul],-30,30,#AE4071
Zuni [zun],35.08,-108.83,#4D8B63
Kadiwéu [kbc],-20,-57,#AD4875
